Title,URL,Thumbnail URL,Channel,Description
ğŸ¤¯ à®…à®Ÿà¯‡à®™à¯à®•à®ªà¯à®ªà®¾..!ğŸ–‹ï¸ à®‡à®¤à¯ ğŸ”¥Vera Level 'à®² à®‡à®°à¯à®•à¯à®•à¯‡..ğŸ˜² Crazy ğŸ–Šï¸ğŸ–‹ï¸#shorts #experiment #crazypen,https://www.youtube.com/shorts/-kCLVyPzbTE,https://i.ytimg.com/vi/-kCLVyPzbTE/hqdefault.jpg?sqp=-oaymwE2CPYBEIoBSFXyq4qpAygIARUAAIhCGABwAcABBvABAfgBtgiAAoAPigIMCAAQARhXIGQoZTAP&rs=AOn4CLBRlwucXKC9v1uNmx4SACjem0qPGQ,Experiment Tamizha,ğŸ¤¯ à®…à®Ÿà¯‡à®™à¯à®•à®ªà¯à®ªà®¾..!ğŸ–‹ï¸ à®‡à®¤à¯ ğŸ”¥Vera Level 'à®² à®‡à®°à¯à®•à¯à®•à¯‡..ğŸ˜² Crazy ğŸ–Šï¸ @Experiment_tamizha
Bhagavanth Kesari - Trailer | Nandamuri Balakrishna | Anil Ravipudi | Kajal | Sree Leela |Thaman S,https://www.youtube.com/watch?v=00mFeykBgVM,https://i.ytimg.com/vi/00mFeykBgVM/hqdefault.jpg?sqp=-oaymwEcCPYBEIoBSFXyq4qpAw4IARUAAIhCGAFwAcABBg==&rs=AOn4CLAIEEbGrHN1lkaUi-VnCfdBgqEEig,Junglee Music Telugu,"Presenting the Massive Trailer of Bhagavanth Kesari (Telugu), a first-of-its-kind actioner with a novel script starring Nandamuri Balakrishna in the Lead Role and also co stars Kajal Aggarwal,..."
LEO - Official Trailer | Thalapathy Vijay | Lokesh Kanagaraj | Anirudh Ravichander,https://www.youtube.com/watch?v=Po3jStA673E,https://i.ytimg.com/vi/Po3jStA673E/hqdefault.jpg?sqp=-oaymwEcCPYBEIoBSFXyq4qpAw4IARUAAIhCGAFwAcABBg==&rs=AOn4CLDbd3-C5fukkmNKDW4xwftHWQsTbg,Sun TV,"Presenting the most anticipated official trailer of Thalapathy Vijay's ""LEO"" #LeoOfficialTrailer #ThalapathyVijay #LokeshKanagaraj #Anirudh #sanjaydutt #arjunsarja #trisha #trishakrishnan..."
Bigg Boss Kannada | Kiccha Sudeep | Contestant Entry | Streaming free @JioCinema,https://www.youtube.com/watch?v=5Xjkd2gYnKw,,Voot,"Get ready for the most exciting event of 2023! The wait is finally over as """"Bigg Boss Kannada Season 10"""" is set to premiere on October 8th. Dashing entry of Rakshak Bullet, Drone Prathap..."
Bigg Boss Kannada | Kiccha Sudeep | Opening Promo | Streaming free @JioCinema,https://www.youtube.com/watch?v=V_uKxstFobY,,Voot,"Description - Get ready for the most exciting event of 2023! The wait is finally over as """"Bigg Boss Kannada Season 10"""" is set to premiere on October 8th. ğŸŒŸ Experience the thrill, drama,..."
Student Web Series || Episode - 4 || Shanmukh Jaswanth || Subbu K || Infinitum Media,https://www.youtube.com/watch?v=iuuyMTPTtpw,,Shanmukh Jaswanth,ğŸ’° Claim 150% Welcome Bonus with Parimatch: https://cutt.ly/Parimatch_Student Disclaimer: We do not intend to promote investment/gambling of any kind. Viewer discretion is advised. If...
Ayalaan - Official Teaser | Sivakarthikeyan | A.R.Rahman | Rakul Preet Singh | R.Ravikumar,https://www.youtube.com/watch?v=kRhDvelx9uE,,Sun TV,"Presenting the Official Teaser of ""Ayalaan"", Starring Sivakarthikeyan and Rakul Preet Singh in the lead roles. Directed by R. Ravikumar and produced by 24AM Studios & Music by A.R. Rahman...."
Chore Haryane Aale - Elvish Yadav | Ankit Baiyanpuria | DG Immortal | Virtual AF | Anshul Garg,https://www.youtube.com/watch?v=--Xznxew7y4,,Play DMF Haryanvi ,Anshul Garg presents of Chore Haryane Aale featuring Elvish Yadav & Ankit Baiyanpuria. Audio credits :- Singer : Elvish Yadav Composer : DG Immortal Lyricist : DG Immortal & Virtual_AF Music...
"Israel-Palestine à¤•à¥€ à¤²à¤¡à¤¼à¤¾à¤ˆ 35 à¤à¤•à¤¡à¤¼ à¤•à¥€ à¤‡à¤¸ à¤œà¤®à¥€à¤¨ à¤•à¥‡ à¤²à¤¿à¤ à¤¶à¥à¤°à¥‚ à¤¹à¥à¤ˆ, Saurabh Dwivedi à¤¸à¥‡ à¤¸à¥à¤¨à¤¿à¤ à¤ªà¥‚à¤°à¤¾ à¤‡à¤¤à¤¿à¤¹à¤¾à¤¸",https://www.youtube.com/watch?v=1tsqw1-WCog,,The Lallantop,à¤–à¤¬à¤°à¥‹à¤‚ à¤•à¥‹ à¤µà¤¿à¤¸à¥à¤¤à¤¾à¤° à¤¸à¥‡ à¤ªà¤¢à¤¼à¤¨à¥‡ à¤•à¥‡ à¤²à¤¿à¤ à¤•à¥à¤²à¤¿à¤• à¤•à¤°à¥‡ à¤¯à¤¹à¤¾à¤‚- https://www.thelallantop.com/ LT Premium à¤œà¥‰à¤‡à¤¨ à¤•à¤°à¤¨à¥‡...
Mayi Ri | Last Episode | 7 October 2023 (English Subtitles) ARY Digital Drama,https://www.youtube.com/watch?v=WFY-I3k61cA,,ARY Digital HD,Watch Dil Hi Tou Hai Starting from tomorrow at 7 PM ğŸ‘‰ https://youtu.be/rHWWz2336KE Join ARY Digital on Whatsapp ğŸ‘‰ https://bit.ly/3LnAbHU New! Mayi Ri Last Episode 66 | Aina Asif |...
